correct_answer,False,True,% correct
jacket,659,4320,86.76441052420165
jam,514,4492,89.73232121454255
jet,678,4339,86.4859477775563
jug,634,4339,87.25115624371607
