answer,total_show_count,prob_of_showing
jet,5018,0.19003976519598562
jug,4974,0.18837341412611247
jacket,4980,0.1886006438174588
jam,5007,0.18962317742851734
